{
  "dim": 1024,
  "bit_width": 1,
  "centroids": [
    -0.024933892194545657,
    0.024933892194545657
  ]
}