{
  "dim": 1024,
  "bit_width": 5,
  "centroids": [
    -0.10171423844059956,
    -0.0838892975376538,
    -0.07220611609261209,
    -0.0631657155855409,
    -0.055615474635345094,
    -0.04902293208976379,
    -0.04309494605920812,
    -0.037651121761409244,
    -0.0325713113657765,
    -0.027770468389070883,
    -0.023185298271403015,
    -0.01876658912605473,
    -0.014474511253960006,
    -0.010275566250209962,
    -0.0061404927141146814,
    -0.002042738305560379,
    0.002042738305560379,
    0.0061404927141146814,
    0.010275566250209962,
    0.014474511253960006,
    0.01876658912605473,
    0.023185298271403015,
    0.027770468389070883,
    0.0325713113657765,
    0.037651121761409244,
    0.04309494605920812,
    0.04902293208976379,
    0.055615474635345094,
    0.0631657155855409,
    0.07220611609261209,
    0.0838892975376538,
    0.10171423844059956
  ]
}