{
  "dim": 1024,
  "bit_width": 6,
  "centroids": [
    -0.1150498876430328,
    -0.09908016647948008,
    -0.08882533205148281,
    -0.08104098793378904,
    -0.07466196501521487,
    -0.06919842986412612,
    -0.06438246149758983,
    -0.06005073828070151,
    -0.05609595208955047,
    -0.05244358772200364,
    -0.04903963865805054,
    -0.045843593339854105,
    -0.042824184738146684,
    -0.03995668794746616,
    -0.03722113279468006,
    -0.034601081849815266,
    -0.03208277112981152,
    -0.029654491030515522,
    -0.027306130847092804,
    -0.025028837429293422,
    -0.022814755189347995,
    -0.020656825203666615,
    -0.018548627963488357,
    -0.016484258841843704,
    -0.014458228391895955,
    -0.012465381686264283,
    -0.010500832367992884,
    -0.00855990811576927,
    -0.006638104961791799,
    -0.004731048428344575,
    -0.0028344598276262905,
    -0.000944126338595054,
    0.000944126338595054,
    0.0028344598276262905,
    0.004731048428344575,
    0.006638104961791799,
    0.00855990811576927,
    0.010500832367992884,
    0.012465381686264283,
    0.014458228391895955,
    0.016484258841843704,
    0.018548627963488357,
    0.020656825203666615,
    0.022814755189347995,
    0.025028837429293422,
    0.027306130847092804,
    0.029654491030515522,
    0.03208277112981152,
    0.034601081849815266,
    0.03722113279468006,
    0.03995668794746616,
    0.042824184738146684,
    0.045843593339854105,
    0.04903963865805054,
    0.05244358772200364,
    0.05609595208955047,
    0.06005073828070151,
    0.06438246149758983,
    0.06919842986412612,
    0.07466196501521487,
    0.08104098793378904,
    0.08882533205148281,
    0.09908016647948008,
    0.1150498876430328
  ]
}