{
  "dim": 1024,
  "bit_width": 8,
  "centroids": [
    -0.12902744247738912,
    -0.11464097207036637,
    -0.10554623451548961,
    -0.09873848682431684,
    -0.09323351437227109,
    -0.08857970232257997,
    -0.08453057602895829,
    -0.08093623350008564,
    -0.07769843250120624,
    -0.07474914920507808,
    -0.07203924782141052,
    -0.06953201889107691,
    -0.06719926814136228,
    -0.06501883311451655,
    -0.0629729431180053,
    -0.061047099914680075,
    -0.05922929222915415,
    -0.05750943120688883,
    -0.05587893623364244,
    -0.05433042558939588,
    -0.052857481777206373,
    -0.05145447106602876,
    -0.05011640306764135,
    -0.04883882033045245,
    -0.047617710749175465,
    -0.04644943753040819,
    -0.0453306828151889,
    -0.04425840202869214,
    -0.04322978672742595,
    -0.04224223422692888,
    -0.04129332267325615,
    -0.04038079050678404,
    -0.03950251948367608,
    -0.03865652058666316,
    -0.037840922286044784,
    -0.03705396071319412,
    -0.036293971389243826,
    -0.035559382216105884,
    -0.034848707489037116,
    -0.03416054273258544,
    -0.03349356019674615,
    -0.032846504879251746,
    -0.03221819096417043,
    -0.03160749858734144,
    -0.03101337085631674,
    -0.03043481106689832,
    -0.02987088007056837,
    -0.02932069375732528,
    -0.028783420627059804,
    -0.02825827942973298,
    -0.027744536860563617,
    -0.027241505301205147,
    -0.026748540601847115,
    -0.026265039902142042,
    -0.0257904394912945,
    -0.025324212709308527,
    -0.02486586789261573,
    -0.02441494636811254,
    -0.02397102049993335,
    -0.02353369179349647,
    -0.023102589061101148,
    -0.022677366653103173,
    -0.022257702758168088,
    -0.021843297775555385,
    -0.021433872761736836,
    -0.021029167953006658,
    -0.020628941365057888,
    -0.020232967469842923,
    -0.019841035949436397,
    -0.019452950526019874,
    -0.019068527866604228,
    -0.01868759656063373,
    -0.018309996168228315,
    -0.017935576336485043,
    -0.017564195980982075,
    -0.01719572252944539,
    -0.016830031224355058,
    -0.016467004481214662,
    -0.016106531299110192,
    -0.01574850672024135,
    -0.015392831335076821,
    -0.015039410829910053,
    -0.014688155573642902,
    -0.014338980240767782,
    -0.013991803467630548,
    -0.013646547539219489,
    -0.013303138103857394,
    -0.012961503913362654,
    -0.012621576586377083,
    -0.012283290392735687,
    -0.011946582056910427,
    -0.011611390578711333,
    -0.011277657069578867,
    -0.010945324602941679,
    -0.010614338077252247,
    -0.010284644090436505,
    -0.009956190824607657,
    -0.009628927940019506,
    -0.009302806477310358,
    -0.008977778767211278,
    -0.00865379834695067,
    -0.008330819882685374,
    -0.008008799097342246,
    -0.007687692703332676,
    -0.007367458339646924,
    -0.007048054512890318,
    -0.006729440541878647,
    -0.0064115765054302545,
    -0.006094423193053503,
    -0.005777942058236018,
    -0.00546209517409398,
    -0.005146845191144354,
    -0.004832155297000569,
    -0.004517989177801836,
    -0.004204310981211086,
    -0.0038910852808251182,
    -0.003578277041856888,
    -0.0032658515879646238,
    -0.0029537745691047943,
    -0.002642011930302799,
    -0.0023305298812380812,
    -0.002019294866548902,
    -0.0017082735367659968,
    -0.001397432719793235,
    -0.0010867393928514005,
    -0.0007761606548108128,
    -0.0004656636988368376,
    -0.00015521578527758108,
    0.00015521578527758108,
    0.0004656636988368376,
    0.0007761606548108128,
    0.0010867393928514005,
    0.001397432719793235,
    0.0017082735367659968,
    0.002019294866548902,
    0.0023305298812380812,
    0.002642011930302799,
    0.0029537745691047943,
    0.0032658515879646238,
    0.003578277041856888,
    0.0038910852808251182,
    0.004204310981211086,
    0.004517989177801836,
    0.004832155297000569,
    0.005146845191144354,
    0.00546209517409398,
    0.005777942058236018,
    0.006094423193053503,
    0.0064115765054302545,
    0.006729440541878647,
    0.007048054512890318,
    0.007367458339646924,
    0.007687692703332676,
    0.008008799097342246,
    0.008330819882685374,
    0.00865379834695067,
    0.008977778767211278,
    0.009302806477310358,
    0.009628927940019506,
    0.009956190824607657,
    0.010284644090436505,
    0.010614338077252247,
    0.010945324602941679,
    0.011277657069578867,
    0.011611390578711333,
    0.011946582056910427,
    0.012283290392735687,
    0.012621576586377083,
    0.012961503913362654,
    0.013303138103857394,
    0.013646547539219489,
    0.013991803467630548,
    0.014338980240767782,
    0.014688155573642902,
    0.015039410829910053,
    0.015392831335076821,
    0.01574850672024135,
    0.016106531299110192,
    0.016467004481214662,
    0.016830031224355058,
    0.01719572252944539,
    0.017564195980982075,
    0.017935576336485043,
    0.018309996168228315,
    0.01868759656063373,
    0.019068527866604228,
    0.019452950526019874,
    0.019841035949436397,
    0.020232967469842923,
    0.020628941365057888,
    0.021029167953006658,
    0.021433872761736836,
    0.021843297775555385,
    0.022257702758168088,
    0.022677366653103173,
    0.023102589061101148,
    0.02353369179349647,
    0.02397102049993335,
    0.02441494636811254,
    0.02486586789261573,
    0.025324212709308527,
    0.0257904394912945,
    0.026265039902142042,
    0.026748540601847115,
    0.027241505301205147,
    0.027744536860563617,
    0.02825827942973298,
    0.028783420627059804,
    0.02932069375732528,
    0.02987088007056837,
    0.03043481106689832,
    0.03101337085631674,
    0.03160749858734144,
    0.03221819096417043,
    0.032846504879251746,
    0.03349356019674615,
    0.03416054273258544,
    0.034848707489037116,
    0.035559382216105884,
    0.036293971389243826,
    0.03705396071319412,
    0.037840922286044784,
    0.03865652058666316,
    0.03950251948367608,
    0.04038079050678404,
    0.04129332267325615,
    0.04224223422692888,
    0.04322978672742595,
    0.04425840202869214,
    0.0453306828151889,
    0.04644943753040819,
    0.047617710749175465,
    0.04883882033045245,
    0.05011640306764135,
    0.05145447106602876,
    0.052857481777206373,
    0.05433042558939588,
    0.05587893623364244,
    0.05750943120688883,
    0.05922929222915415,
    0.061047099914680075,
    0.0629729431180053,
    0.06501883311451655,
    0.06719926814136228,
    0.06953201889107691,
    0.07203924782141052,
    0.07474914920507808,
    0.07769843250120624,
    0.08093623350008564,
    0.08453057602895829,
    0.08857970232257997,
    0.09323351437227109,
    0.09873848682431684,
    0.10554623451548961,
    0.11464097207036637,
    0.12902744247738912
  ]
}