{
  "dim": 1024,
  "bit_width": 4,
  "centroids": [
    -0.085342979926382,
    -0.06459981697767907,
    -0.05050582303725795,
    -0.039202443045681455,
    -0.029400739979787205,
    -0.02048715997753522,
    -0.01210344680712025,
    -0.004004465194011553,
    0.004004465194011553,
    0.01210344680712025,
    0.02048715997753522,
    0.029400739979787205,
    0.039202443045681455,
    0.05050582303725795,
    0.06459981697767907,
    0.085342979926382
  ]
}