{
  "dim": 1024,
  "bit_width": 2,
  "centroids": [
    -0.047199387671892155,
    -0.014150508738830845,
    0.014150508738830845,
    0.047199387671892155
  ]
}