{
  "dim": 1024,
  "bit_width": 3,
  "centroids": [
    -0.06723739165823128,
    -0.04198611366676345,
    -0.023617066466968376,
    -0.007656226577299202,
    0.007656226577299202,
    0.023617066466968376,
    0.04198611366676345,
    0.06723739165823128
  ]
}