{
  "dim": 128,
  "bit_width": 3,
  "centroids": [
    -0.1883389710707382,
    -0.11807968546495923,
    -0.06654119687511878,
    -0.021587996757941916,
    0.021587996757941916,
    0.06654119687511878,
    0.11807968546495923,
    0.1883389710707382
  ]
}