{
  "dim": 128,
  "bit_width": 8,
  "centroids": [
    -0.35257060407536384,
    -0.3152719461982597,
    -0.2913977210821393,
    -0.27337680000557446,
    -0.2587123842301753,
    -0.24625282375711835,
    -0.23536690321687326,
    -0.2256693372084171,
    -0.21690682702718206,
    -0.20890350156393728,
    -0.20153200893250678,
    -0.19469698990375406,
    -0.18832505245325468,
    -0.18235839313052268,
    -0.17675057661283308,
    -0.17146365032490146,
    -0.16646611635197284,
    -0.16173147171116875,
    -0.1572371359891727,
    -0.15296364945528104,
    -0.14889406410678319,
    -0.14501347497012704,
    -0.14130865510538074,
    -0.13776776845960256,
    -0.1343801419603649,
    -0.131136083240493,
    -0.12802673389393948,
    -0.125043950664197,
    -0.12218020877542728,
    -0.11942852294254845,
    -0.11678238258070076,
    -0.11423569847407468,
    -0.11178275872640653,
    -0.10941819224751362,
    -0.10713693836642041,
    -0.10493422142557583,
    -0.10280552942040032,
    -0.10074659591669108,
    -0.09875338461468426,
    -0.09682207604010616,
    -0.09494905593446504,
    -0.0931309049931955,
    -0.09136438966409019,
    -0.08964645377209986,
    -0.08797421078171379,
    -0.08634493654627799,
    -0.08475606242577681,
    -0.08320516868161404,
    -0.08168997807973356,
    -0.08020834965224682,
    -0.07875827258333902,
    -0.07733786019796896,
    -0.0759453440421039,
    -0.07457906805116002,
    -0.07323748280954147,
    -0.07191913990856369,
    -0.07062268641319504,
    -0.06934685944988081,
    -0.0680904809287165,
    -0.06685245241325781,
    -0.06563175015081908,
    -0.06442742027503551,
    -0.06323857419109283,
    -0.06206438415238174,
    -0.06090407903551644,
    -0.059756940318829214,
    -0.05862229826749013,
    -0.05749952832663838,
    -0.056388047722135175,
    -0.05528731226691178,
    -0.054196813369505166,
    -0.053116075239984635,
    -0.05204465228741633,
    -0.05098212670206754,
    -0.04992810621477447,
    -0.04888222202532773,
    -0.04784412689127099,
    -0.046813493368276816,
    -0.04579001219305685,
    -0.044773390799779225,
    -0.043763351961025154,
    -0.04275963254449943,
    -0.04176198237691539,
    -0.04077016320682732,
    -0.03978394775850684,
    -0.0388031188693294,
    -0.03782746870359657,
    -0.03685679803610669,
    -0.03589091559923132,
    -0.03492963748771179,
    -0.03397278661577676,
    -0.03302019222165568,
    -0.03207168941490229,
    -0.03112711876238972,
    -0.030186325909158825,
    -0.02924916123067036,
    -0.028315479513321255,
    -0.027385139660392747,
    -0.026458004420865433,
    -0.02553394013879644,
    -0.024612816521185136,
    -0.02369450642245849,
    -0.022778885643915076,
    -0.021865832746617256,
    -0.020955228876398772,
    -0.02004695759977888,
    -0.019140904749712428,
    -0.018236958280204895,
    -0.017335008128930466,
    -0.01643494608707781,
    -0.015536665675717775,
    -0.01464006202807399,
    -0.013745031777119101,
    -0.012851472947989615,
    -0.011959284854745773,
    -0.011068368001059549,
    -0.010178623984435262,
    -0.00928995540361215,
    -0.008402265768815633,
    -0.007515459414557602,
    -0.006629441414700387,
    -0.005744117499521464,
    -0.004859393974529324,
    -0.003975177640795339,
    -0.003091375716578979,
    -0.002207895760030964,
    -0.0013246455927693106,
    -0.0004415332241263549,
    0.0004415332241263549,
    0.0013246455927693106,
    0.002207895760030964,
    0.003091375716578979,
    0.003975177640795339,
    0.004859393974529324,
    0.005744117499521464,
    0.006629441414700387,
    0.007515459414557602,
    0.008402265768815633,
    0.00928995540361215,
    0.010178623984435262,
    0.011068368001059549,
    0.011959284854745773,
    0.012851472947989615,
    0.013745031777119101,
    0.01464006202807399,
    0.015536665675717775,
    0.01643494608707781,
    0.017335008128930466,
    0.018236958280204895,
    0.019140904749712428,
    0.02004695759977888,
    0.020955228876398772,
    0.021865832746617256,
    0.022778885643915076,
    0.02369450642245849,
    0.024612816521185136,
    0.02553394013879644,
    0.026458004420865433,
    0.027385139660392747,
    0.028315479513321255,
    0.02924916123067036,
    0.030186325909158825,
    0.03112711876238972,
    0.03207168941490229,
    0.03302019222165568,
    0.03397278661577676,
    0.03492963748771179,
    0.03589091559923132,
    0.03685679803610669,
    0.03782746870359657,
    0.0388031188693294,
    0.03978394775850684,
    0.04077016320682732,
    0.04176198237691539,
    0.04275963254449943,
    0.043763351961025154,
    0.044773390799779225,
    0.04579001219305685,
    0.046813493368276816,
    0.04784412689127099,
    0.04888222202532773,
    0.04992810621477447,
    0.05098212670206754,
    0.05204465228741633,
    0.053116075239984635,
    0.054196813369505166,
    0.05528731226691178,
    0.056388047722135175,
    0.05749952832663838,
    0.05862229826749013,
    0.059756940318829214,
    0.06090407903551644,
    0.06206438415238174,
    0.06323857419109283,
    0.06442742027503551,
    0.06563175015081908,
    0.06685245241325781,
    0.0680904809287165,
    0.06934685944988081,
    0.07062268641319504,
    0.07191913990856369,
    0.07323748280954147,
    0.07457906805116002,
    0.0759453440421039,
    0.07733786019796896,
    0.07875827258333902,
    0.08020834965224682,
    0.08168997807973356,
    0.08320516868161404,
    0.08475606242577681,
    0.08634493654627799,
    0.08797421078171379,
    0.08964645377209986,
    0.09136438966409019,
    0.0931309049931955,
    0.09494905593446504,
    0.09682207604010616,
    0.09875338461468426,
    0.10074659591669108,
    0.10280552942040032,
    0.10493422142557583,
    0.10713693836642041,
    0.10941819224751362,
    0.11178275872640653,
    0.11423569847407468,
    0.11678238258070076,
    0.11942852294254845,
    0.12218020877542728,
    0.125043950664197,
    0.12802673389393948,
    0.131136083240493,
    0.1343801419603649,
    0.13776776845960256,
    0.14130865510538074,
    0.14501347497012704,
    0.14889406410678319,
    0.15296364945528104,
    0.1572371359891727,
    0.16173147171116875,
    0.16646611635197284,
    0.17146365032490146,
    0.17675057661283308,
    0.18235839313052268,
    0.18832505245325468,
    0.19469698990375406,
    0.20153200893250678,
    0.20890350156393728,
    0.21690682702718206,
    0.2256693372084171,
    0.23536690321687326,
    0.24625282375711835,
    0.2587123842301753,
    0.27337680000557446,
    0.2913977210821393,
    0.3152719461982597,
    0.35257060407536384
  ]
}