{
  "dim": 128,
  "bit_width": 6,
  "centroids": [
    -0.31617886655879895,
    -0.2738837897951428,
    -0.24639102388123926,
    -0.22535155823748043,
    -0.20800587483860564,
    -0.19307845026723977,
    -0.1798686799747536,
    -0.16794795354144584,
    -0.1570337794796443,
    -0.14692944943344022,
    -0.13749203524395595,
    -0.12861407324562682,
    -0.12021244044321755,
    -0.11222126784940117,
    -0.10458724462010961,
    -0.09726640211432358,
    -0.09022184887381991,
    -0.08342213643744674,
    -0.07684005538461952,
    -0.07045173198400193,
    -0.0642359394070785,
    -0.05817356501176585,
    -0.05224719305731091,
    -0.046440774049309554,
    -0.040739359917163806,
    -0.03512888973209619,
    -0.02959601451787558,
    -0.02412795242370971,
    -0.018712367467704886,
    -0.013337266450725574,
    -0.007990909639222585,
    -0.002661731526297249,
    0.002661731526297249,
    0.007990909639222585,
    0.013337266450725574,
    0.018712367467704886,
    0.02412795242370971,
    0.02959601451787558,
    0.03512888973209619,
    0.040739359917163806,
    0.046440774049309554,
    0.05224719305731091,
    0.05817356501176585,
    0.0642359394070785,
    0.07045173198400193,
    0.07684005538461952,
    0.08342213643744674,
    0.09022184887381991,
    0.09726640211432358,
    0.10458724462010961,
    0.11222126784940117,
    0.12021244044321755,
    0.12861407324562682,
    0.13749203524395595,
    0.14692944943344022,
    0.1570337794796443,
    0.16794795354144584,
    0.1798686799747536,
    0.19307845026723977,
    0.20800587483860564,
    0.22535155823748043,
    0.24639102388123926,
    0.2738837897951428,
    0.31617886655879895
  ]
}