{
  "dim": 128,
  "bit_width": 5,
  "centroids": [
    -0.28072095144188347,
    -0.23263549572810613,
    -0.20075230475352923,
    -0.17590152651715785,
    -0.15504294087592252,
    -0.13676510944907874,
    -0.12028765191943909,
    -0.10512840074612138,
    -0.09096489771430752,
    -0.07756787163753834,
    -0.06476583984309862,
    -0.05242473434302379,
    -0.040435399851968375,
    -0.02870547627128811,
    -0.017153829696142108,
    -0.005706495580466864,
    0.005706495580466864,
    0.017153829696142108,
    0.02870547627128811,
    0.040435399851968375,
    0.05242473434302379,
    0.06476583984309862,
    0.07756787163753834,
    0.09096489771430752,
    0.10512840074612138,
    0.12028765191943909,
    0.13676510944907874,
    0.15504294087592252,
    0.17590152651715785,
    0.20075230475352923,
    0.23263549572810613,
    0.28072095144188347
  ]
}