{
  "dim": 128,
  "bit_width": 2,
  "centroids": [
    -0.13303472172595063,
    -0.039997664077222946,
    0.039997664077222946,
    0.13303472172595063
  ]
}