{
  "dim": 128,
  "bit_width": 1,
  "centroids": [
    -0.07066157273809338,
    0.07066157273809338
  ]
}