{
  "dim": 128,
  "bit_width": 4,
  "centroids": [
    -0.23740867768846305,
    -0.18054179820231492,
    -0.1415018533077812,
    -0.11000055806203946,
    -0.08257831227618262,
    -0.0575787644573835,
    -0.03402926786506979,
    -0.01126067365673718,
    0.01126067365673718,
    0.03402926786506979,
    0.0575787644573835,
    0.08257831227618262,
    0.11000055806203946,
    0.1415018533077812,
    0.18054179820231492,
    0.23740867768846305
  ]
}