{
  "dim": 1536,
  "bit_width": 4,
  "centroids": [
    -0.06968225131607617,
    -0.05274552969083278,
    -0.041237831826861325,
    -0.03200866071081219,
    -0.02400560367024052,
    -0.0167276960745763,
    -0.0098824229354541,
    -0.003269632139354473,
    0.003269632139354473,
    0.0098824229354541,
    0.0167276960745763,
    0.02400560367024052,
    0.03200866071081219,
    0.041237831826861325,
    0.05274552969083278,
    0.06968225131607617
  ]
}