{
  "dim": 1536,
  "bit_width": 3,
  "centroids": [
    -0.05489910039944354,
    -0.034281518255354956,
    -0.01928325402182259,
    -0.006251282823172691,
    0.006251282823172691,
    0.01928325402182259,
    0.034281518255354956,
    0.05489910039944354
  ]
}