{
  "dim": 1536,
  "bit_width": 5,
  "centroids": [
    -0.08304932791841567,
    -0.06849532461592206,
    -0.05895604691168883,
    -0.05157459080744733,
    -0.04540984488643179,
    -0.04002705643834377,
    -0.03518687611260788,
    -0.03074201218628477,
    -0.026594364366488862,
    -0.02267449249043834,
    -0.018930716766390163,
    -0.015322855857099367,
    -0.011818388949458244,
    -0.008389964710392946,
    -0.00501369130628634,
    -0.0016678888422201532,
    0.0016678888422201532,
    0.00501369130628634,
    0.008389964710392946,
    0.011818388949458244,
    0.015322855857099367,
    0.018930716766390163,
    0.02267449249043834,
    0.026594364366488862,
    0.03074201218628477,
    0.03518687611260788,
    0.04002705643834377,
    0.04540984488643179,
    0.05157459080744733,
    0.05895604691168883,
    0.06849532461592206,
    0.08304932791841567
  ]
}