{
  "dim": 1536,
  "bit_width": 8,
  "centroids": [
    -0.10535046562863411,
    -0.09360396172968492,
    -0.08617813961169507,
    -0.08061963689803502,
    -0.076124845712836,
    -0.0723250240859833,
    -0.06901892631149589,
    -0.06608415792598993,
    -0.06344050448067773,
    -0.06103242475320341,
    -0.05881979953878654,
    -0.05677265568956757,
    -0.05486797267826654,
    -0.053087654933912355,
    -0.05141719274680578,
    -0.049844748355889035,
    -0.048360514595873524,
    -0.04695625395152235,
    -0.045624960380647755,
    -0.04436060673409045,
    -0.04315795314753912,
    -0.042012399698858276,
    -0.04091987175312515,
    -0.03987672981635821,
    -0.03887969801830707,
    -0.03792580692959434,
    -0.03701234752972058,
    -0.03613683393375235,
    -0.03529697305717792,
    -0.034490639817035776,
    -0.033715856777859196,
    -0.03297077738394773,
    -0.0322536720964529,
    -0.03156291688957239,
    -0.030896983665707794,
    -0.03025443223215218,
    -0.029633903547606474,
    -0.029034113999352292,
    -0.02845385051454904,
    -0.02789196634379109,
    -0.027347377383739706,
    -0.026819058929335282,
    -0.026306042765921883,
    -0.025807414528242242,
    -0.025322311267225915,
    -0.024849919177303264,
    -0.02438947144692091,
    -0.023940246203284554,
    -0.02350156452939824,
    -0.023072788537276546,
    -0.022653319486072448,
    -0.02224259593775813,
    -0.021840091946214123,
    -0.02144531527802873,
    -0.0210578056652652,
    -0.020677133091836417,
    -0.020302896116121565,
    -0.019934720233097385,
    -0.019572256279543707,
    -0.01921517888599621,
    -0.018863184978966326,
    -0.01851599233670208,
    -0.0181733382013493,
    -0.017834977949926552,
    -0.017500683825997315,
    -0.01717024373338434,
    -0.016843460092727764,
    -0.016520148761148004,
    -0.016200138014778126,
    -0.0158832675934511,
    -0.015569387806406543,
    -0.015258358697513658,
    -0.01495004926815737,
    -0.014644336755707695,
    -0.014341105965215978,
    -0.01404024865187347,
    -0.013741662951593002,
    -0.013445252857033036,
    -0.013150927736328982,
    -0.012858601891794373,
    -0.012568194155887221,
    -0.012279627521789042,
    -0.011992828806013697,
    -0.011707728340576876,
    -0.011424259692333004,
    -0.011142359407240126,
    -0.010861966777408742,
    -0.010583023628941958,
    -0.010305474128694574,
    -0.010029264608211312,
    -0.009754343403240006,
    -0.009480660707334401,
    -0.009208168438186585,
    -0.008936820115446109,
    -0.008666570748887631,
    -0.008397376735900046,
    -0.008129195767356275,
    -0.007861986741025326,
    -0.007595709681756119,
    -0.0073303256677535655,
    -0.007065796762323099,
    -0.006802085950537092,
    -0.006539157080316691,
    -0.00627697480749405,
    -0.006015504544448902,
    -0.005754712411967058,
    -0.00549456519400022,
    -0.005235030295040361,
    -0.004976075699854875,
    -0.004717669935348301,
    -0.004459782034349627,
    -0.00420238150113377,
    -0.003945438278512654,
    -0.003688922716343574,
    -0.0034328055413156457,
    -0.0031770578278917916,
    -0.002921650970288192,
    -0.0026665566553903844,
    -0.002411746836505185,
    -0.0021571937078623798,
    -0.0019028696797807301,
    -0.0016487473544220005,
    -0.001394799502058678,
    -0.0011409990377876562,
    -0.000887318998622608,
    -0.0006337325209036169,
    -0.000380212817962414,
    -0.00012673315798514967,
    0.00012673315798514967,
    0.000380212817962414,
    0.0006337325209036169,
    0.000887318998622608,
    0.0011409990377876562,
    0.001394799502058678,
    0.0016487473544220005,
    0.0019028696797807301,
    0.0021571937078623798,
    0.002411746836505185,
    0.0026665566553903844,
    0.002921650970288192,
    0.0031770578278917916,
    0.0034328055413156457,
    0.003688922716343574,
    0.003945438278512654,
    0.00420238150113377,
    0.004459782034349627,
    0.004717669935348301,
    0.004976075699854875,
    0.005235030295040361,
    0.00549456519400022,
    0.005754712411967058,
    0.006015504544448902,
    0.00627697480749405,
    0.006539157080316691,
    0.006802085950537092,
    0.007065796762323099,
    0.0073303256677535655,
    0.007595709681756119,
    0.007861986741025326,
    0.008129195767356275,
    0.008397376735900046,
    0.008666570748887631,
    0.008936820115446109,
    0.009208168438186585,
    0.009480660707334401,
    0.009754343403240006,
    0.010029264608211312,
    0.010305474128694574,
    0.010583023628941958,
    0.010861966777408742,
    0.011142359407240126,
    0.011424259692333004,
    0.011707728340576876,
    0.011992828806013697,
    0.012279627521789042,
    0.012568194155887221,
    0.012858601891794373,
    0.013150927736328982,
    0.013445252857033036,
    0.013741662951593002,
    0.01404024865187347,
    0.014341105965215978,
    0.014644336755707695,
    0.01495004926815737,
    0.015258358697513658,
    0.015569387806406543,
    0.0158832675934511,
    0.016200138014778126,
    0.016520148761148004,
    0.016843460092727764,
    0.01717024373338434,
    0.017500683825997315,
    0.017834977949926552,
    0.0181733382013493,
    0.01851599233670208,
    0.018863184978966326,
    0.01921517888599621,
    0.019572256279543707,
    0.019934720233097385,
    0.020302896116121565,
    0.020677133091836417,
    0.0210578056652652,
    0.02144531527802873,
    0.021840091946214123,
    0.02224259593775813,
    0.022653319486072448,
    0.023072788537276546,
    0.02350156452939824,
    0.023940246203284554,
    0.02438947144692091,
    0.024849919177303264,
    0.025322311267225915,
    0.025807414528242242,
    0.026306042765921883,
    0.026819058929335282,
    0.027347377383739706,
    0.02789196634379109,
    0.02845385051454904,
    0.029034113999352292,
    0.029633903547606474,
    0.03025443223215218,
    0.030896983665707794,
    0.03156291688957239,
    0.0322536720964529,
    0.03297077738394773,
    0.033715856777859196,
    0.034490639817035776,
    0.03529697305717792,
    0.03613683393375235,
    0.03701234752972058,
    0.03792580692959434,
    0.03887969801830707,
    0.03987672981635821,
    0.04091987175312515,
    0.042012399698858276,
    0.04315795314753912,
    0.04436060673409045,
    0.045624960380647755,
    0.04695625395152235,
    0.048360514595873524,
    0.049844748355889035,
    0.05141719274680578,
    0.053087654933912355,
    0.05486797267826654,
    0.05677265568956757,
    0.05881979953878654,
    0.06103242475320341,
    0.06344050448067773,
    0.06608415792598993,
    0.06901892631149589,
    0.0723250240859833,
    0.076124845712836,
    0.08061963689803502,
    0.08617813961169507,
    0.09360396172968492,
    0.10535046562863411
  ]
}