{
  "dim": 1536,
  "bit_width": 1,
  "centroids": [
    -0.02035843772606727,
    0.02035843772606727
  ]
}