{
  "dim": 1536,
  "bit_width": 6,
  "centroids": [
    -0.09393783989665146,
    -0.08089861716824467,
    -0.07252557991980627,
    -0.0661696895629432,
    -0.06096123916026891,
    -0.05650028138962588,
    -0.05256805968449416,
    -0.04903122248837799,
    -0.04580215308500354,
    -0.04282001006659991,
    -0.0400406972942297,
    -0.03743113721943166,
    -0.03496580041971421,
    -0.032624499094301374,
    -0.030390927665112043,
    -0.028251665026773107,
    -0.02619547293417646,
    -0.0242127905355665,
    -0.022295362475014645,
    -0.020435960185612407,
    -0.018628169606804554,
    -0.01686622715161416,
    -0.015144891313087995,
    -0.013459340983492253,
    -0.011805094048254583,
    -0.010177941526793499,
    -0.008573893725361277,
    -0.00698913570958105,
    -0.005419990005142279,
    -0.003862884865946805,
    -0.0023143267580338434,
    -0.0007708759274266429,
    0.0007708759274266429,
    0.0023143267580338434,
    0.003862884865946805,
    0.005419990005142279,
    0.00698913570958105,
    0.008573893725361277,
    0.010177941526793499,
    0.011805094048254583,
    0.013459340983492253,
    0.015144891313087995,
    0.01686622715161416,
    0.018628169606804554,
    0.020435960185612407,
    0.022295362475014645,
    0.0242127905355665,
    0.02619547293417646,
    0.028251665026773107,
    0.030390927665112043,
    0.032624499094301374,
    0.03496580041971421,
    0.03743113721943166,
    0.0400406972942297,
    0.04282001006659991,
    0.04580215308500354,
    0.04903122248837799,
    0.05256805968449416,
    0.05650028138962588,
    0.06096123916026891,
    0.0661696895629432,
    0.07252557991980627,
    0.08089861716824467,
    0.09393783989665146
  ]
}