{
  "dim": 1536,
  "bit_width": 2,
  "centroids": [
    -0.03853813865598137,
    -0.011553842003642853,
    0.011553842003642853,
    0.03853813865598137
  ]
}