{
  "dim": 256,
  "bit_width": 2,
  "centroids": [
    -0.09439877534378431,
    -0.02830101747766169,
    0.02830101747766169,
    0.09439877534378431
  ]
}