{
  "dim": 256,
  "bit_width": 5,
  "centroids": [
    -0.2034284768811991,
    -0.1677785950753076,
    -0.14441223218522417,
    -0.1263314311710818,
    -0.11123094927069019,
    -0.09804586417952758,
    -0.08618989211841624,
    -0.07530224352281849,
    -0.065142622731553,
    -0.055540936778141765,
    -0.04637059654280603,
    -0.03753317825210946,
    -0.028949022507920013,
    -0.020551132500419924,
    -0.012280985428229363,
    -0.004085476611120758,
    0.004085476611120758,
    0.012280985428229363,
    0.020551132500419924,
    0.028949022507920013,
    0.03753317825210946,
    0.04637059654280603,
    0.055540936778141765,
    0.065142622731553,
    0.07530224352281849,
    0.08618989211841624,
    0.09804586417952758,
    0.11123094927069019,
    0.1263314311710818,
    0.14441223218522417,
    0.1677785950753076,
    0.2034284768811991
  ]
}