{
  "dim": 256,
  "bit_width": 4,
  "centroids": [
    -0.170685959852764,
    -0.12919963395535813,
    -0.1010116460745159,
    -0.07840488609136291,
    -0.05880147995957441,
    -0.04097431995507044,
    -0.0242068936142405,
    -0.008008930388023106,
    0.008008930388023106,
    0.0242068936142405,
    0.04097431995507044,
    0.05880147995957441,
    0.07840488609136291,
    0.1010116460745159,
    0.12919963395535813,
    0.170685959852764
  ]
}