{
  "dim": 256,
  "bit_width": 1,
  "centroids": [
    -0.04986778438909131,
    0.04986778438909131
  ]
}