{
  "dim": 256,
  "bit_width": 3,
  "centroids": [
    -0.13447478331646256,
    -0.0839722273335269,
    -0.04723413293393675,
    -0.015312453154598404,
    0.015312453154598404,
    0.04723413293393675,
    0.0839722273335269,
    0.13447478331646256
  ]
}