{
  "dim": 256,
  "bit_width": 6,
  "centroids": [
    -0.2300997752860656,
    -0.19816033295896016,
    -0.17765066410296562,
    -0.16208197586757808,
    -0.14932393003042974,
    -0.13839685972825225,
    -0.12876492299517966,
    -0.12010147656140302,
    -0.11219190417910094,
    -0.10488717544400727,
    -0.09807927731610108,
    -0.09168718667970821,
    -0.08564836947629337,
    -0.07991337589493232,
    -0.07444226558936012,
    -0.06920216369963053,
    -0.06416554225962304,
    -0.059308982061031044,
    -0.05461226169418561,
    -0.050057674858586844,
    -0.04562951037869599,
    -0.04131365040733323,
    -0.03709725592697671,
    -0.03296851768368741,
    -0.02891645678379191,
    -0.024930763372528565,
    -0.02100166473598577,
    -0.01711981623153854,
    -0.013276209923583597,
    -0.00946209685668915,
    -0.005668919655252581,
    -0.001888252677190108,
    0.001888252677190108,
    0.005668919655252581,
    0.00946209685668915,
    0.013276209923583597,
    0.01711981623153854,
    0.02100166473598577,
    0.024930763372528565,
    0.02891645678379191,
    0.03296851768368741,
    0.03709725592697671,
    0.04131365040733323,
    0.04562951037869599,
    0.050057674858586844,
    0.05461226169418561,
    0.059308982061031044,
    0.06416554225962304,
    0.06920216369963053,
    0.07444226558936012,
    0.07991337589493232,
    0.08564836947629337,
    0.09168718667970821,
    0.09807927731610108,
    0.10488717544400727,
    0.11219190417910094,
    0.12010147656140302,
    0.12876492299517966,
    0.13839685972825225,
    0.14932393003042974,
    0.16208197586757808,
    0.17765066410296562,
    0.19816033295896016,
    0.2300997752860656
  ]
}