{
  "dim": 256,
  "bit_width": 8,
  "centroids": [
    -0.25805488495477824,
    -0.22928194414073275,
    -0.21109246903097922,
    -0.19747697364863367,
    -0.18646702874454218,
    -0.17715940464515995,
    -0.16906115205791658,
    -0.16187246700017127,
    -0.15539686500241248,
    -0.14949829841015616,
    -0.14407849564282105,
    -0.13906403778215382,
    -0.13439853628272455,
    -0.1300376662290331,
    -0.1259458862360106,
    -0.12209419982936015,
    -0.1184585844583083,
    -0.11501886241377766,
    -0.11175787246728489,
    -0.10866085117879176,
    -0.10571496355441275,
    -0.10290894213205752,
    -0.1002328061352827,
    -0.0976776406609049,
    -0.09523542149835093,
    -0.09289887506081639,
    -0.0906613656303778,
    -0.08851680405738428,
    -0.0864595734548519,
    -0.08448446845385776,
    -0.0825866453465123,
    -0.08076158101356808,
    -0.07900503896735216,
    -0.07731304117332632,
    -0.07568184457208957,
    -0.07410792142638824,
    -0.07258794277848765,
    -0.07111876443221177,
    -0.06969741497807423,
    -0.06832108546517088,
    -0.0669871203934923,
    -0.06569300975850349,
    -0.06443638192834086,
    -0.06321499717468287,
    -0.06202674171263348,
    -0.06086962213379664,
    -0.05974176014113674,
    -0.05864138751465056,
    -0.05756684125411961,
    -0.05651655885946596,
    -0.055489073721127234,
    -0.054483010602410294,
    -0.05349708120369423,
    -0.052530079804284084,
    -0.051580878982589,
    -0.050648425418617055,
    -0.04973173578523146,
    -0.04882989273622508,
    -0.0479420409998667,
    -0.04706738358699294,
    -0.046205178122202296,
    -0.045354733306206346,
    -0.044515405516336176,
    -0.04368659555111077,
    -0.04286774552347367,
    -0.042058335906013315,
    -0.041257882730115776,
    -0.040465934939685845,
    -0.039682071898872795,
    -0.03890590105203975,
    -0.038137055733208455,
    -0.03737519312126746,
    -0.03661999233645663,
    -0.035871152672970086,
    -0.03512839196196415,
    -0.03439144505889078,
    -0.033660062448710115,
    -0.032934008962429324,
    -0.032213062598220384,
    -0.0314970134404827,
    -0.030785662670153643,
    -0.030078821659820107,
    -0.029376311147285804,
    -0.028677960481535564,
    -0.027983606935261095,
    -0.027293095078438977,
    -0.026606276207714788,
    -0.025923007826725308,
    -0.025243153172754166,
    -0.024566580785471373,
    -0.023893164113820854,
    -0.023222781157422667,
    -0.022555314139157734,
    -0.021890649205883357,
    -0.021228676154504494,
    -0.02056928818087301,
    -0.019912381649215313,
    -0.01925785588003901,
    -0.018605612954620716,
    -0.017955557534422555,
    -0.01730759669390134,
    -0.01666163976537075,
    -0.01601759819468449,
    -0.015375385406665353,
    -0.014734916679293848,
    -0.014096109025780635,
    -0.013458881083757293,
    -0.012823153010860509,
    -0.012188846386107005,
    -0.011555884116472036,
    -0.01092419034818796,
    -0.010293690382288709,
    -0.009664310594001139,
    -0.009035978355603672,
    -0.008408621962422171,
    -0.0077821705616502364,
    -0.007156554083713776,
    -0.0065317031759292475,
    -0.0059075491382095885,
    -0.005284023860605598,
    -0.0046610597624761625,
    -0.004038589733097804,
    -0.0034165470735319937,
    -0.00279486543958647,
    -0.002173478785702801,
    -0.0015523213096216256,
    -0.0009313273976736752,
    -0.00031043157055516215,
    0.00031043157055516215,
    0.0009313273976736752,
    0.0015523213096216256,
    0.002173478785702801,
    0.00279486543958647,
    0.0034165470735319937,
    0.004038589733097804,
    0.0046610597624761625,
    0.005284023860605598,
    0.0059075491382095885,
    0.0065317031759292475,
    0.007156554083713776,
    0.0077821705616502364,
    0.008408621962422171,
    0.009035978355603672,
    0.009664310594001139,
    0.010293690382288709,
    0.01092419034818796,
    0.011555884116472036,
    0.012188846386107005,
    0.012823153010860509,
    0.013458881083757293,
    0.014096109025780635,
    0.014734916679293848,
    0.015375385406665353,
    0.01601759819468449,
    0.01666163976537075,
    0.01730759669390134,
    0.017955557534422555,
    0.018605612954620716,
    0.01925785588003901,
    0.019912381649215313,
    0.02056928818087301,
    0.021228676154504494,
    0.021890649205883357,
    0.022555314139157734,
    0.023222781157422667,
    0.023893164113820854,
    0.024566580785471373,
    0.025243153172754166,
    0.025923007826725308,
    0.026606276207714788,
    0.027293095078438977,
    0.027983606935261095,
    0.028677960481535564,
    0.029376311147285804,
    0.030078821659820107,
    0.030785662670153643,
    0.0314970134404827,
    0.032213062598220384,
    0.032934008962429324,
    0.033660062448710115,
    0.03439144505889078,
    0.03512839196196415,
    0.035871152672970086,
    0.03661999233645663,
    0.03737519312126746,
    0.038137055733208455,
    0.03890590105203975,
    0.039682071898872795,
    0.040465934939685845,
    0.041257882730115776,
    0.042058335906013315,
    0.04286774552347367,
    0.04368659555111077,
    0.044515405516336176,
    0.045354733306206346,
    0.046205178122202296,
    0.04706738358699294,
    0.0479420409998667,
    0.04882989273622508,
    0.04973173578523146,
    0.050648425418617055,
    0.051580878982589,
    0.052530079804284084,
    0.05349708120369423,
    0.054483010602410294,
    0.055489073721127234,
    0.05651655885946596,
    0.05756684125411961,
    0.05864138751465056,
    0.05974176014113674,
    0.06086962213379664,
    0.06202674171263348,
    0.06321499717468287,
    0.06443638192834086,
    0.06569300975850349,
    0.0669871203934923,
    0.06832108546517088,
    0.06969741497807423,
    0.07111876443221177,
    0.07258794277848765,
    0.07410792142638824,
    0.07568184457208957,
    0.07731304117332632,
    0.07900503896735216,
    0.08076158101356808,
    0.0825866453465123,
    0.08448446845385776,
    0.0864595734548519,
    0.08851680405738428,
    0.0906613656303778,
    0.09289887506081639,
    0.09523542149835093,
    0.0976776406609049,
    0.1002328061352827,
    0.10290894213205752,
    0.10571496355441275,
    0.10866085117879176,
    0.11175787246728489,
    0.11501886241377766,
    0.1184585844583083,
    0.12209419982936015,
    0.1259458862360106,
    0.1300376662290331,
    0.13439853628272455,
    0.13906403778215382,
    0.14407849564282105,
    0.14949829841015616,
    0.15539686500241248,
    0.16187246700017127,
    0.16906115205791658,
    0.17715940464515995,
    0.18646702874454218,
    0.19747697364863367,
    0.21109246903097922,
    0.22928194414073275,
    0.25805488495477824
  ]
}