{
  "dim": 3072,
  "bit_width": 2,
  "centroids": [
    -0.027250579177952726,
    -0.00816980002953432,
    0.00816980002953432,
    0.027250579177952726
  ]
}