{
  "dim": 3072,
  "bit_width": 5,
  "centroids": [
    -0.058724742944099136,
    -0.04843350851549303,
    -0.04168822056320783,
    -0.036468742896867516,
    -0.032109609251825925,
    -0.02830340303848956,
    -0.02488087870799643,
    -0.021737885284241875,
    -0.018805055384890225,
    -0.01603328739995243,
    -0.013386038198236437,
    -0.010834895283698933,
    -0.008356862968861949,
    -0.00593260094063441,
    -0.0035452151214509816,
    -0.001179375510599198,
    0.001179375510599198,
    0.0035452151214509816,
    0.00593260094063441,
    0.008356862968861949,
    0.010834895283698933,
    0.013386038198236437,
    0.01603328739995243,
    0.018805055384890225,
    0.021737885284241875,
    0.02488087870799643,
    0.02830340303848956,
    0.032109609251825925,
    0.036468742896867516,
    0.04168822056320783,
    0.04843350851549303,
    0.058724742944099136
  ]
}