{
  "dim": 3072,
  "bit_width": 1,
  "centroids": [
    -0.01439558937046613,
    0.01439558937046613
  ]
}