{
  "dim": 3072,
  "bit_width": 3,
  "centroids": [
    -0.03881952617348775,
    -0.02424069402773217,
    -0.01363531968217331,
    -0.0044203244753804605,
    0.0044203244753804605,
    0.01363531968217331,
    0.02424069402773217,
    0.03881952617348775
  ]
}