{
  "dim": 3072,
  "bit_width": 6,
  "centroids": [
    -0.06642408360094053,
    -0.05720396078828238,
    -0.051283329370783316,
    -0.04678903619896694,
    -0.04310610559976227,
    -0.039951732109553516,
    -0.03717123147672483,
    -0.03467030991139919,
    -0.0323870130393507,
    -0.030278319488569305,
    -0.028313048580187686,
    -0.02646781095538456,
    -0.024724554586395112,
    -0.02306900454239533,
    -0.02148963103855141,
    -0.019976943920242844,
    -0.01852299654814552,
    -0.017121028379149264,
    -0.015765201995096005,
    -0.014450406027305756,
    -0.01317210505006521,
    -0.011926223591939407,
    -0.010709055347818033,
    -0.00951719127972973,
    -0.008347462054066045,
    -0.007196891472116011,
    -0.006062658394375933,
    -0.004942065254877887,
    -0.0038325116865995236,
    -0.002731472083653904,
    -0.0016364761444872527,
    -0.0005450915957368568,
    0.0005450915957368568,
    0.0016364761444872527,
    0.002731472083653904,
    0.0038325116865995236,
    0.004942065254877887,
    0.006062658394375933,
    0.007196891472116011,
    0.008347462054066045,
    0.00951719127972973,
    0.010709055347818033,
    0.011926223591939407,
    0.01317210505006521,
    0.014450406027305756,
    0.015765201995096005,
    0.017121028379149264,
    0.01852299654814552,
    0.019976943920242844,
    0.02148963103855141,
    0.02306900454239533,
    0.024724554586395112,
    0.02646781095538456,
    0.028313048580187686,
    0.030278319488569305,
    0.0323870130393507,
    0.03467030991139919,
    0.03717123147672483,
    0.039951732109553516,
    0.04310610559976227,
    0.04678903619896694,
    0.051283329370783316,
    0.05720396078828238,
    0.06642408360094053
  ]
}