{
  "dim": 3072,
  "bit_width": 8,
  "centroids": [
    -0.07449402864716824,
    -0.06618799608498578,
    -0.06093714690946993,
    -0.05700669194739596,
    -0.05382839462032532,
    -0.051141514980678364,
    -0.04880375082507287,
    -0.04672855619846956,
    -0.044859210920183086,
    -0.04315644141524843,
    -0.041591879121909994,
    -0.04014432982406289,
    -0.038797515550762295,
    -0.03753864080106242,
    -0.03635744566084387,
    -0.03524555956898749,
    -0.03419604781241375,
    -0.033203085588239846,
    -0.03226171887652419,
    -0.03136768583922522,
    -0.030517281332756264,
    -0.029707252720982145,
    -0.02893471880191909,
    -0.028197106064690353,
    -0.027492098119230136,
    -0.026817595261887636,
    -0.026171681925899224,
    -0.02555260032516843,
    -0.02495872900409008,
    -0.02438856530208938,
    -0.023840710961139266,
    -0.023313860269182182,
    -0.022806790257569702,
    -0.022318352566644866,
    -0.02184746666823292,
    -0.02139311419230486,
    -0.020954334151541444,
    -0.020530218894686304,
    -0.02011991064970695,
    -0.019722598542322587,
    -0.0193375159957111,
    -0.018963938433975227,
    -0.0186011812259672,
    -0.01824859781781304,
    -0.01790557801237267,
    -0.017571546362209457,
    -0.017245960649674066,
    -0.016928310433618466,
    -0.0166181156472312,
    -0.01631492523559209,
    -0.016018315824987858,
    -0.01572789041878144,
    -0.015443277116905879,
    -0.015164127857777715,
    -0.014890117182817556,
    -0.01462094102473443,
    -0.014356315521435301,
    -0.014095975857879752,
    -0.013839675138386218,
    -0.013587183292000624,
    -0.013338286013403394,
    -0.013092783741680682,
    -0.01285049067897081,
    -0.012611233850705951,
    -0.012374852208764735,
    -0.012141195778501996,
    -0.01191012485021265,
    -0.011681509215218298,
    -0.011455227446407605,
    -0.01123116622272962,
    -0.011009219696833356,
    -0.010789288904788492,
    -0.010571281216587194,
    -0.01035510982594022,
    -0.010140693277718996,
    -0.009927955031284953,
    -0.009716823057850934,
    -0.009507229469975523,
    -0.009299110181252035,
    -0.009092404594265599,
    -0.008887055314896735,
    -0.008683007891101538,
    -0.008480210574341293,
    -0.008278614101911498,
    -0.008078171498484584,
    -0.007878837895277005,
    -0.007680570365328567,
    -0.007483327773482083,
    -0.007287070639742121,
    -0.00709176101478003,
    -0.006897362366453019,
    -0.006703839476284665,
    -0.006511158344949506,
    -0.006319286105876083,
    -0.006128190946171281,
    -0.005937842034132894,
    -0.005748209452690502,
    -0.005559264138177709,
    -0.00537097782389407,
    -0.0051833229879743046,
    -0.00499627280512466,
    -0.004809801101838539,
    -0.004623882314735971,
    -0.004438491451716193,
    -0.004253604055638298,
    -0.004069196170280295,
    -0.003885244308349094,
    -0.003701725421340032,
    -0.003518616871064895,
    -0.0033358964026846366,
    -0.0031535421191025096,
    -0.0029715324565845022,
    -0.002789846161489312,
    -0.0026084622679996543,
    -0.0024273600767590977,
    -0.002246519134324125,
    -0.002065919213351075,
    -0.0018855402934446872,
    -0.0017053625425980756,
    -0.0015253662991624732,
    -0.0013455320542873062,
    -0.0011658404347752334,
    -0.000986272186301363,
    -0.000806808156947018,
    -0.0006274292810017216,
    -0.00044811656298940995,
    -0.0002688510618752847,
    -0.00008961387541249188,
    0.00008961387541249188,
    0.0002688510618752847,
    0.00044811656298940995,
    0.0006274292810017216,
    0.000806808156947018,
    0.000986272186301363,
    0.0011658404347752334,
    0.0013455320542873062,
    0.0015253662991624732,
    0.0017053625425980756,
    0.0018855402934446872,
    0.002065919213351075,
    0.002246519134324125,
    0.0024273600767590977,
    0.0026084622679996543,
    0.002789846161489312,
    0.0029715324565845022,
    0.0031535421191025096,
    0.0033358964026846366,
    0.003518616871064895,
    0.003701725421340032,
    0.003885244308349094,
    0.004069196170280295,
    0.004253604055638298,
    0.004438491451716193,
    0.004623882314735971,
    0.004809801101838539,
    0.00499627280512466,
    0.0051833229879743046,
    0.00537097782389407,
    0.005559264138177709,
    0.005748209452690502,
    0.005937842034132894,
    0.006128190946171281,
    0.006319286105876083,
    0.006511158344949506,
    0.006703839476284665,
    0.006897362366453019,
    0.00709176101478003,
    0.007287070639742121,
    0.007483327773482083,
    0.007680570365328567,
    0.007878837895277005,
    0.008078171498484584,
    0.008278614101911498,
    0.008480210574341293,
    0.008683007891101538,
    0.008887055314896735,
    0.009092404594265599,
    0.009299110181252035,
    0.009507229469975523,
    0.009716823057850934,
    0.009927955031284953,
    0.010140693277718996,
    0.01035510982594022,
    0.010571281216587194,
    0.010789288904788492,
    0.011009219696833356,
    0.01123116622272962,
    0.011455227446407605,
    0.011681509215218298,
    0.01191012485021265,
    0.012141195778501996,
    0.012374852208764735,
    0.012611233850705951,
    0.01285049067897081,
    0.013092783741680682,
    0.013338286013403394,
    0.013587183292000624,
    0.013839675138386218,
    0.014095975857879752,
    0.014356315521435301,
    0.01462094102473443,
    0.014890117182817556,
    0.015164127857777715,
    0.015443277116905879,
    0.01572789041878144,
    0.016018315824987858,
    0.01631492523559209,
    0.0166181156472312,
    0.016928310433618466,
    0.017245960649674066,
    0.017571546362209457,
    0.01790557801237267,
    0.01824859781781304,
    0.0186011812259672,
    0.018963938433975227,
    0.0193375159957111,
    0.019722598542322587,
    0.02011991064970695,
    0.020530218894686304,
    0.020954334151541444,
    0.02139311419230486,
    0.02184746666823292,
    0.022318352566644866,
    0.022806790257569702,
    0.023313860269182182,
    0.023840710961139266,
    0.02438856530208938,
    0.02495872900409008,
    0.02555260032516843,
    0.026171681925899224,
    0.026817595261887636,
    0.027492098119230136,
    0.028197106064690353,
    0.02893471880191909,
    0.029707252720982145,
    0.030517281332756264,
    0.03136768583922522,
    0.03226171887652419,
    0.033203085588239846,
    0.03419604781241375,
    0.03524555956898749,
    0.03635744566084387,
    0.03753864080106242,
    0.038797515550762295,
    0.04014432982406289,
    0.041591879121909994,
    0.04315644141524843,
    0.044859210920183086,
    0.04672855619846956,
    0.04880375082507287,
    0.051141514980678364,
    0.05382839462032532,
    0.05700669194739596,
    0.06093714690946993,
    0.06618799608498578,
    0.07449402864716824
  ]
}