{
  "dim": 3072,
  "bit_width": 4,
  "centroids": [
    -0.049272792433942836,
    -0.037296721721663394,
    -0.02915955052620401,
    -0.022633541045314835,
    -0.016974525141704142,
    -0.011828267327960726,
    -0.0069879282722130655,
    -0.0023119790577230768,
    0.0023119790577230768,
    0.0069879282722130655,
    0.011828267327960726,
    0.016974525141704142,
    0.022633541045314835,
    0.02915955052620401,
    0.037296721721663394,
    0.049272792433942836
  ]
}