{
  "dim": 4096,
  "bit_width": 2,
  "centroids": [
    -0.023599693835946078,
    -0.007075254369415422,
    0.007075254369415422,
    0.023599693835946078
  ]
}