{
  "dim": 4096,
  "bit_width": 6,
  "centroids": [
    -0.0575249438215164,
    -0.04954008323974004,
    -0.044412666025741405,
    -0.04052049396689452,
    -0.037330982507607434,
    -0.03459921493206306,
    -0.032191230748794916,
    -0.030025369140350755,
    -0.028047976044775234,
    -0.02622179386100182,
    -0.02451981932902527,
    -0.022921796669927053,
    -0.021412092369073342,
    -0.01997834397373308,
    -0.01861056639734003,
    -0.017300540924907633,
    -0.01604138556490576,
    -0.014827245515257761,
    -0.013653065423546402,
    -0.012514418714646711,
    -0.011407377594673997,
    -0.010328412601833308,
    -0.009274313981744178,
    -0.008242129420921852,
    -0.0072291141959479775,
    -0.006232690843132141,
    -0.005250416183996442,
    -0.004279954057884635,
    -0.0033190524808958993,
    -0.0023655242141722875,
    -0.0014172299138131453,
    -0.000472063169297527,
    0.000472063169297527,
    0.0014172299138131453,
    0.0023655242141722875,
    0.0033190524808958993,
    0.004279954057884635,
    0.005250416183996442,
    0.006232690843132141,
    0.0072291141959479775,
    0.008242129420921852,
    0.009274313981744178,
    0.010328412601833308,
    0.011407377594673997,
    0.012514418714646711,
    0.013653065423546402,
    0.014827245515257761,
    0.01604138556490576,
    0.017300540924907633,
    0.01861056639734003,
    0.01997834397373308,
    0.021412092369073342,
    0.022921796669927053,
    0.02451981932902527,
    0.02622179386100182,
    0.028047976044775234,
    0.030025369140350755,
    0.032191230748794916,
    0.03459921493206306,
    0.037330982507607434,
    0.04052049396689452,
    0.044412666025741405,
    0.04954008323974004,
    0.0575249438215164
  ]
}