{
  "dim": 4096,
  "bit_width": 8,
  "centroids": [
    -0.06451372123869456,
    -0.05732048603518319,
    -0.052773117257744806,
    -0.04936924341215842,
    -0.046616757186135546,
    -0.044289851161289986,
    -0.042265288014479145,
    -0.04046811675004282,
    -0.03884921625060312,
    -0.03737457460253904,
    -0.03601962391070526,
    -0.034766009445538454,
    -0.03359963407068114,
    -0.032509416557258274,
    -0.03148647155900265,
    -0.030523549957340038,
    -0.029614646114577075,
    -0.028754715603444416,
    -0.02793946811682122,
    -0.02716521279469794,
    -0.026428740888603187,
    -0.02572723553301438,
    -0.025058201533820674,
    -0.024419410165226224,
    -0.023808855374587733,
    -0.023224718765204096,
    -0.02266534140759445,
    -0.02212920101434607,
    -0.021614893363712976,
    -0.02112111711346444,
    -0.020646661336628076,
    -0.02019039525339202,
    -0.01975125974183804,
    -0.01932826029333158,
    -0.018920461143022392,
    -0.01852698035659706,
    -0.018146985694621913,
    -0.017779691108052942,
    -0.017424353744518558,
    -0.01708027136629272,
    -0.016746780098373076,
    -0.016423252439625873,
    -0.016109095482085216,
    -0.01580374929367072,
    -0.01550668542815837,
    -0.01521740553344916,
    -0.014935440035284185,
    -0.01466034687866264,
    -0.014391710313529902,
    -0.01412913971486649,
    -0.013872268430281809,
    -0.013620752650602573,
    -0.013374270300923558,
    -0.013132519951071021,
    -0.01289521974564725,
    -0.012662106354654264,
    -0.012432933946307866,
    -0.01220747318405627,
    -0.011985510249966675,
    -0.011766845896748234,
    -0.011551294530550574,
    -0.011338683326551587,
    -0.011128851379084044,
    -0.010921648887777692,
    -0.010716936380868418,
    -0.010514583976503329,
    -0.010314470682528944,
    -0.010116483734921461,
    -0.009920517974718199,
    -0.009726475263009937,
    -0.009534263933302114,
    -0.009343798280316866,
    -0.009154998084114158,
    -0.008967788168242521,
    -0.008782097990491037,
    -0.008597861264722695,
    -0.008415015612177529,
    -0.008233502240607331,
    -0.008053265649555096,
    -0.007874253360120676,
    -0.007696415667538411,
    -0.007519705414955027,
    -0.007344077786821451,
    -0.007169490120383891,
    -0.006995901733815274,
    -0.006823273769609744,
    -0.006651569051928697,
    -0.006480751956681327,
    -0.0063107882931885415,
    -0.006141645196367843,
    -0.005973291028455213,
    -0.005805695289355667,
    -0.0056388285347894335,
    -0.005472662301470839,
    -0.005307169038626124,
    -0.005142322045218252,
    -0.004978095412303828,
    -0.004814463970009753,
    -0.004651403238655179,
    -0.004488889383605639,
    -0.004326899173475335,
    -0.004165409941342687,
    -0.004004399548671123,
    -0.003843846351666338,
    -0.003683729169823462,
    -0.003524027256445159,
    -0.0033647202709393234,
    -0.0032057882527151273,
    -0.0030472115965267514,
    -0.002888971029118009,
    -0.00273104758704699,
    -0.002573422595572177,
    -0.0024160776485002847,
    -0.002258994588900918,
    -0.002102155490605543,
    -0.0019455426404125591,
    -0.001789138520928444,
    -0.0016329257939823119,
    -0.0014768872845523971,
    -0.0013210059651513994,
    -0.0011652649406190406,
    -0.001009647433274451,
    -0.0008541367683829984,
    -0.0006987163598966175,
    -0.0005433696964257002,
    -0.0003880803274054064,
    -0.0002328318494184188,
    -0.00007760789263879054,
    0.00007760789263879054,
    0.0002328318494184188,
    0.0003880803274054064,
    0.0005433696964257002,
    0.0006987163598966175,
    0.0008541367683829984,
    0.001009647433274451,
    0.0011652649406190406,
    0.0013210059651513994,
    0.0014768872845523971,
    0.0016329257939823119,
    0.001789138520928444,
    0.0019455426404125591,
    0.002102155490605543,
    0.002258994588900918,
    0.0024160776485002847,
    0.002573422595572177,
    0.00273104758704699,
    0.002888971029118009,
    0.0030472115965267514,
    0.0032057882527151273,
    0.0033647202709393234,
    0.003524027256445159,
    0.003683729169823462,
    0.003843846351666338,
    0.004004399548671123,
    0.004165409941342687,
    0.004326899173475335,
    0.004488889383605639,
    0.004651403238655179,
    0.004814463970009753,
    0.004978095412303828,
    0.005142322045218252,
    0.005307169038626124,
    0.005472662301470839,
    0.0056388285347894335,
    0.005805695289355667,
    0.005973291028455213,
    0.006141645196367843,
    0.0063107882931885415,
    0.006480751956681327,
    0.006651569051928697,
    0.006823273769609744,
    0.006995901733815274,
    0.007169490120383891,
    0.007344077786821451,
    0.007519705414955027,
    0.007696415667538411,
    0.007874253360120676,
    0.008053265649555096,
    0.008233502240607331,
    0.008415015612177529,
    0.008597861264722695,
    0.008782097990491037,
    0.008967788168242521,
    0.009154998084114158,
    0.009343798280316866,
    0.009534263933302114,
    0.009726475263009937,
    0.009920517974718199,
    0.010116483734921461,
    0.010314470682528944,
    0.010514583976503329,
    0.010716936380868418,
    0.010921648887777692,
    0.011128851379084044,
    0.011338683326551587,
    0.011551294530550574,
    0.011766845896748234,
    0.011985510249966675,
    0.01220747318405627,
    0.012432933946307866,
    0.012662106354654264,
    0.01289521974564725,
    0.013132519951071021,
    0.013374270300923558,
    0.013620752650602573,
    0.013872268430281809,
    0.01412913971486649,
    0.014391710313529902,
    0.01466034687866264,
    0.014935440035284185,
    0.01521740553344916,
    0.01550668542815837,
    0.01580374929367072,
    0.016109095482085216,
    0.016423252439625873,
    0.016746780098373076,
    0.01708027136629272,
    0.017424353744518558,
    0.017779691108052942,
    0.018146985694621913,
    0.01852698035659706,
    0.018920461143022392,
    0.01932826029333158,
    0.01975125974183804,
    0.02019039525339202,
    0.020646661336628076,
    0.02112111711346444,
    0.021614893363712976,
    0.02212920101434607,
    0.02266534140759445,
    0.023224718765204096,
    0.023808855374587733,
    0.024419410165226224,
    0.025058201533820674,
    0.02572723553301438,
    0.026428740888603187,
    0.02716521279469794,
    0.02793946811682122,
    0.028754715603444416,
    0.029614646114577075,
    0.030523549957340038,
    0.03148647155900265,
    0.032509416557258274,
    0.03359963407068114,
    0.034766009445538454,
    0.03601962391070526,
    0.03737457460253904,
    0.03884921625060312,
    0.04046811675004282,
    0.042265288014479145,
    0.044289851161289986,
    0.046616757186135546,
    0.04936924341215842,
    0.052773117257744806,
    0.05732048603518319,
    0.06451372123869456
  ]
}