{
  "dim": 4096,
  "bit_width": 4,
  "centroids": [
    -0.042671489963191,
    -0.032299908488839534,
    -0.025252911518628976,
    -0.019601221522840728,
    -0.014700369989893602,
    -0.01024357998876761,
    -0.006051723403560125,
    -0.0020022325970057765,
    0.0020022325970057765,
    0.006051723403560125,
    0.01024357998876761,
    0.014700369989893602,
    0.019601221522840728,
    0.025252911518628976,
    0.032299908488839534,
    0.042671489963191
  ]
}