{
  "dim": 4096,
  "bit_width": 3,
  "centroids": [
    -0.03361869582911564,
    -0.020993056833381724,
    -0.011808533233484188,
    -0.003828113288649601,
    0.003828113288649601,
    0.011808533233484188,
    0.020993056833381724,
    0.03361869582911564
  ]
}