{
  "dim": 4096,
  "bit_width": 1,
  "centroids": [
    -0.012466946097272828,
    0.012466946097272828
  ]
}