{
  "dim": 4096,
  "bit_width": 5,
  "centroids": [
    -0.05085711922029978,
    -0.0419446487688269,
    -0.03610305804630604,
    -0.03158285779277045,
    -0.027807737317672547,
    -0.024511466044881896,
    -0.02154747302960406,
    -0.018825560880704622,
    -0.01628565568288825,
    -0.013885234194535441,
    -0.011592649135701507,
    -0.009383294563027365,
    -0.007237255626980003,
    -0.005137783125104981,
    -0.0030702463570573407,
    -0.0010213691527801896,
    0.0010213691527801896,
    0.0030702463570573407,
    0.005137783125104981,
    0.007237255626980003,
    0.009383294563027365,
    0.011592649135701507,
    0.013885234194535441,
    0.01628565568288825,
    0.018825560880704622,
    0.02154747302960406,
    0.024511466044881896,
    0.027807737317672547,
    0.03158285779277045,
    0.03610305804630604,
    0.0419446487688269,
    0.05085711922029978
  ]
}