{
  "dim": 512,
  "bit_width": 1,
  "centroids": [
    -0.03526184850427548,
    0.03526184850427548
  ]
}