{
  "dim": 512,
  "bit_width": 2,
  "centroids": [
    -0.06675001418129528,
    -0.020011841372933672,
    0.020011841372933672,
    0.06675001418129528
  ]
}