{
  "dim": 512,
  "bit_width": 3,
  "centroids": [
    -0.09508803118166101,
    -0.05937733137887479,
    -0.03339957570105244,
    -0.010827539462217543,
    0.010827539462217543,
    0.03339957570105244,
    0.05937733137887479,
    0.09508803118166101
  ]
}