{
  "dim": 512,
  "bit_width": 8,
  "centroids": [
    -0.18247235906983006,
    -0.16212681750554475,
    -0.1492649163092156,
    -0.13963730719514256,
    -0.13185210049296756,
    -0.12527061637556008,
    -0.11954428705535756,
    -0.11446111910321186,
    -0.10988217701833407,
    -0.10571126058166996,
    -0.1018788812921927,
    -0.09833312413494283,
    -0.09503411638705611,
    -0.09195051560021954,
    -0.08905719022003003,
    -0.08633363664288321,
    -0.08376286836022981,
    -0.0813306175771439,
    -0.07902474947259797,
    -0.07683482471802448,
    -0.07475176760221407,
    -0.07276761082631221,
    -0.07087529691561556,
    -0.06906852208162931,
    -0.0673416123506442,
    -0.065689424520106,
    -0.06410726642887377,
    -0.0625908323979398,
    -0.06113615068842358,
    -0.059739540548666106,
    -0.058397576959968736,
    -0.05710706159404169,
    -0.05586499880172402,
    -0.05466857568781611,
    -0.05351514550963288,
    -0.05240221378023971,
    -0.051327426571051306,
    -0.05028856059962703,
    -0.04928351476216994,
    -0.04831030283044888,
    -0.04736704708239868,
    -0.04645197267679324,
    -0.04556340261665679,
    -0.04469975317490763,
    -0.04385952967990969,
    -0.04304132257906982,
    -0.042243803715817395,
    -0.041465722769796945,
    -0.04070590382227667,
    -0.03996324201885586,
    -0.03923670030996743,
    -0.03852530625642126,
    -0.03782814889281766,
    -0.03714437564587806,
    -0.03647318930815018,
    -0.035813845069923876,
    -0.03516564761391389,
    -0.034527948278395046,
    -0.03390014229492688,
    -0.033281666107069105,
    -0.03267199477613886,
    -0.03207063947972331,
    -0.03147714510786847,
    -0.03089108796114198,
    -0.03031207355382555,
    -0.029739734524561506,
    -0.029173728655861944,
    -0.02861373700290361,
    -0.028059462131222793,
    -0.027510626462068206,
    -0.02696697072343895,
    -0.026428252504202873,
    -0.02589424490810579,
    -0.02536473530403299,
    -0.02483952416848202,
    -0.02431842401594431,
    -0.023801258412644175,
    -0.023287861068990588,
    -0.022778075005987452,
    -0.022271751790888132,
    -0.021768750837386053,
    -0.021268938765758232,
    -0.020772188818490134,
    -0.020278380327091935,
    -0.0197873982259807,
    -0.01929913260953236,
    -0.01881347832859629,
    -0.018330334623028403,
    -0.017849604786984073,
    -0.017371195863973156,
    -0.016895018368884754,
    -0.016420986034424042,
    -0.015949015579590546,
    -0.015479026498055007,
    -0.015010940864462639,
    -0.014544683156874393,
    -0.01408018009373451,
    -0.013617360483888334,
    -0.013156155088344095,
    -0.01269649649257492,
    -0.012238318988299024,
    -0.01178155846378047,
    -0.01132615230178207,
    -0.010872039284409139,
    -0.010419159504146635,
    -0.00996745428047366,
    -0.009516866081507357,
    -0.009067338450171674,
    -0.008618815934457173,
    -0.008171244021363069,
    -0.007724569074176114,
    -0.007278738272750971,
    -0.006833699556510952,
    -0.006389401569901956,
    -0.005945793610062641,
    -0.005502825576492869,
    -0.005060447922521923,
    -0.0046186116083970115,
    -0.004177268055820503,
    -0.0037363691037854705,
    -0.0032958669655625576,
    -0.0028557141867036765,
    -0.002415863603937396,
    -0.001976268304835406,
    -0.0015368815881354621,
    -0.001097656924613732,
    -0.0006585479183998255,
    -0.00021950826863392962,
    0.00021950826863392962,
    0.0006585479183998255,
    0.001097656924613732,
    0.0015368815881354621,
    0.001976268304835406,
    0.002415863603937396,
    0.0028557141867036765,
    0.0032958669655625576,
    0.0037363691037854705,
    0.004177268055820503,
    0.0046186116083970115,
    0.005060447922521923,
    0.005502825576492869,
    0.005945793610062641,
    0.006389401569901956,
    0.006833699556510952,
    0.007278738272750971,
    0.007724569074176114,
    0.008171244021363069,
    0.008618815934457173,
    0.009067338450171674,
    0.009516866081507357,
    0.00996745428047366,
    0.010419159504146635,
    0.010872039284409139,
    0.01132615230178207,
    0.01178155846378047,
    0.012238318988299024,
    0.01269649649257492,
    0.013156155088344095,
    0.013617360483888334,
    0.01408018009373451,
    0.014544683156874393,
    0.015010940864462639,
    0.015479026498055007,
    0.015949015579590546,
    0.016420986034424042,
    0.016895018368884754,
    0.017371195863973156,
    0.017849604786984073,
    0.018330334623028403,
    0.01881347832859629,
    0.01929913260953236,
    0.0197873982259807,
    0.020278380327091935,
    0.020772188818490134,
    0.021268938765758232,
    0.021768750837386053,
    0.022271751790888132,
    0.022778075005987452,
    0.023287861068990588,
    0.023801258412644175,
    0.02431842401594431,
    0.02483952416848202,
    0.02536473530403299,
    0.02589424490810579,
    0.026428252504202873,
    0.02696697072343895,
    0.027510626462068206,
    0.028059462131222793,
    0.02861373700290361,
    0.029173728655861944,
    0.029739734524561506,
    0.03031207355382555,
    0.03089108796114198,
    0.03147714510786847,
    0.03207063947972331,
    0.03267199477613886,
    0.033281666107069105,
    0.03390014229492688,
    0.034527948278395046,
    0.03516564761391389,
    0.035813845069923876,
    0.03647318930815018,
    0.03714437564587806,
    0.03782814889281766,
    0.03852530625642126,
    0.03923670030996743,
    0.03996324201885586,
    0.04070590382227667,
    0.041465722769796945,
    0.042243803715817395,
    0.04304132257906982,
    0.04385952967990969,
    0.04469975317490763,
    0.04556340261665679,
    0.04645197267679324,
    0.04736704708239868,
    0.04831030283044888,
    0.04928351476216994,
    0.05028856059962703,
    0.051327426571051306,
    0.05240221378023971,
    0.05351514550963288,
    0.05466857568781611,
    0.05586499880172402,
    0.05710706159404169,
    0.058397576959968736,
    0.059739540548666106,
    0.06113615068842358,
    0.0625908323979398,
    0.06410726642887377,
    0.065689424520106,
    0.0673416123506442,
    0.06906852208162931,
    0.07087529691561556,
    0.07276761082631221,
    0.07475176760221407,
    0.07683482471802448,
    0.07902474947259797,
    0.0813306175771439,
    0.08376286836022981,
    0.08633363664288321,
    0.08905719022003003,
    0.09195051560021954,
    0.09503411638705611,
    0.09833312413494283,
    0.1018788812921927,
    0.10571126058166996,
    0.10988217701833407,
    0.11446111910321186,
    0.11954428705535756,
    0.12527061637556008,
    0.13185210049296756,
    0.13963730719514256,
    0.1492649163092156,
    0.16212681750554475,
    0.18247235906983006
  ]
}