{
  "dim": 512,
  "bit_width": 5,
  "centroids": [
    -0.1438456554891469,
    -0.11863738231570398,
    -0.10211486866446184,
    -0.08932981165807355,
    -0.07865215850712211,
    -0.06932889542863807,
    -0.060945457186668606,
    -0.053246727033545854,
    -0.046062790277757545,
    -0.0392733730292769,
    -0.03278896326308329,
    -0.026539964861549668,
    -0.02047005012407193,
    -0.014531845152109726,
    -0.008683968075953997,
    -0.0028888682161023888,
    0.0028888682161023888,
    0.008683968075953997,
    0.014531845152109726,
    0.02047005012407193,
    0.026539964861549668,
    0.03278896326308329,
    0.0392733730292769,
    0.046062790277757545,
    0.053246727033545854,
    0.060945457186668606,
    0.06932889542863807,
    0.07865215850712211,
    0.08932981165807355,
    0.10211486866446184,
    0.11863738231570398,
    0.1438456554891469
  ]
}