{
  "dim": 512,
  "bit_width": 4,
  "centroids": [
    -0.12069319966522823,
    -0.09135793729665338,
    -0.07142601991810572,
    -0.05544062663336106,
    -0.041578925223219584,
    -0.02897321949473707,
    -0.017116858626090813,
    -0.005663168987422072,
    0.005663168987422072,
    0.017116858626090813,
    0.02897321949473707,
    0.041578925223219584,
    0.05544062663336106,
    0.07142601991810572,
    0.09135793729665338,
    0.12069319966522823
  ]
}