{
  "dim": 512,
  "bit_width": 6,
  "centroids": [
    -0.1627051114542778,
    -0.14012051519746668,
    -0.12561798926950069,
    -0.114609264244077,
    -0.10558796351794406,
    -0.09786135800877303,
    -0.09105055022885686,
    -0.08492456850708609,
    -0.07933165623927473,
    -0.07416643301596273,
    -0.06935252208409107,
    -0.06483263144913808,
    -0.06056254285425715,
    -0.0565072900028147,
    -0.052638630805124875,
    -0.048933319224789294,
    -0.04537189005029052,
    -0.041937783400626476,
    -0.038616700579892235,
    -0.035396121342937015,
    -0.03226493621099757,
    -0.029213162358594832,
    -0.026231721229377968,
    -0.023312262419803713,
    -0.020447022679706314,
    -0.017628711840871957,
    -0.014850419551021989,
    -0.012105538149988519,
    -0.00938769806542216,
    -0.006690712851608825,
    -0.004008531530230841,
    -0.0013351962726347844,
    0.0013351962726347844,
    0.004008531530230841,
    0.006690712851608825,
    0.00938769806542216,
    0.012105538149988519,
    0.014850419551021989,
    0.017628711840871957,
    0.020447022679706314,
    0.023312262419803713,
    0.026231721229377968,
    0.029213162358594832,
    0.03226493621099757,
    0.035396121342937015,
    0.038616700579892235,
    0.041937783400626476,
    0.04537189005029052,
    0.048933319224789294,
    0.052638630805124875,
    0.0565072900028147,
    0.06056254285425715,
    0.06483263144913808,
    0.06935252208409107,
    0.07416643301596273,
    0.07933165623927473,
    0.08492456850708609,
    0.09105055022885686,
    0.09786135800877303,
    0.10558796351794406,
    0.114609264244077,
    0.12561798926950069,
    0.14012051519746668,
    0.1627051114542778
  ]
}