{
  "dim": 768,
  "bit_width": 5,
  "centroids": [
    -0.11744948588819827,
    -0.09686701703098606,
    -0.08337644112641567,
    -0.07293748579373503,
    -0.06421921850365185,
    -0.05660680607697912,
    -0.04976175741599286,
    -0.04347577056848375,
    -0.03761011076978045,
    -0.03206657479990486,
    -0.026772076396472874,
    -0.021669790567397866,
    -0.016713725937723897,
    -0.01186520188126882,
    -0.007090430242901963,
    -0.002358751021198396,
    0.002358751021198396,
    0.007090430242901963,
    0.01186520188126882,
    0.016713725937723897,
    0.021669790567397866,
    0.026772076396472874,
    0.03206657479990486,
    0.03761011076978045,
    0.04347577056848375,
    0.04976175741599286,
    0.05660680607697912,
    0.06421921850365185,
    0.07293748579373503,
    0.08337644112641567,
    0.09686701703098606,
    0.11744948588819827
  ]
}