{
  "dim": 768,
  "bit_width": 3,
  "centroids": [
    -0.0776390523469755,
    -0.04848138805546434,
    -0.02727063936434662,
    -0.008840648950760921,
    0.008840648950760921,
    0.02727063936434662,
    0.04848138805546434,
    0.0776390523469755
  ]
}