{
  "dim": 768,
  "bit_width": 8,
  "centroids": [
    -0.14898805729433648,
    -0.13237599216997156,
    -0.12187429381893986,
    -0.11401338389479192,
    -0.10765678924065064,
    -0.10228302996135673,
    -0.09760750165014574,
    -0.09345711239693912,
    -0.08971842184036617,
    -0.08631288283049686,
    -0.08318375824381999,
    -0.08028865964812577,
    -0.07759503110152459,
    -0.07507728160212485,
    -0.07271489132168774,
    -0.07049111913797498,
    -0.0683920956248275,
    -0.06640617117647969,
    -0.06452343775304838,
    -0.06273537167845045,
    -0.06103456266551253,
    -0.05941450544196429,
    -0.05786943760383818,
    -0.05639421212938071,
    -0.05498419623846027,
    -0.05363519052377527,
    -0.05234336385179845,
    -0.05110520065033686,
    -0.04991745800818016,
    -0.04877713060417876,
    -0.04768142192227853,
    -0.046627720538364364,
    -0.045613580515139404,
    -0.04463670513328973,
    -0.04369493333646584,
    -0.04278622838460972,
    -0.04190866830308289,
    -0.04106043778937261,
    -0.0402398212994139,
    -0.039445197084645174,
    -0.0386750319914222,
    -0.037927876867950454,
    -0.0372023624519344,
    -0.03649719563562608,
    -0.03581115602474534,
    -0.035143092724418915,
    -0.03449192129934813,
    -0.03385662086723693,
    -0.0332362312944624,
    -0.03262985047118418,
    -0.032036631649975715,
    -0.03145578083756288,
    -0.030886554233811758,
    -0.03032825571555543,
    -0.02978023436563511,
    -0.02924188204946886,
    -0.028712631042870602,
    -0.028191951715759504,
    -0.027679350276772437,
    -0.02717436658400125,
    -0.02667657202680679,
    -0.026185567483361365,
    -0.02570098135794162,
    -0.025222467701411903,
    -0.02474970441752947,
    -0.024282391557003992,
    -0.0238202497004253,
    -0.023363018430436595,
    -0.02291045489281521,
    -0.02246233244545924,
    -0.02201843939366671,
    -0.021578577809576983,
    -0.02114256243317439,
    -0.02071021965188044,
    -0.020281386555437993,
    -0.019855910062569905,
    -0.019433646115701867,
    -0.019014458939951046,
    -0.01859822036250407,
    -0.018184809188531197,
    -0.01777411062979347,
    -0.017366015782203075,
    -0.016960421148682587,
    -0.016557228203822997,
    -0.016156342996969168,
    -0.01575767579055401,
    -0.015361140730657134,
    -0.014966655546964166,
    -0.014574141279484242,
    -0.01418352202956006,
    -0.013794724732906037,
    -0.01340767895256933,
    -0.013022316689899012,
    -0.012638572211752167,
    -0.012256381892342561,
    -0.011875684068265788,
    -0.011496418905381004,
    -0.011118528276355419,
    -0.01074195564778814,
    -0.010366645975948609,
    -0.00999254561024932,
    -0.009619602203677078,
    -0.009247764629471942,
    -0.008876982903432386,
    -0.008507208111276596,
    -0.00813839234056059,
    -0.007770488616698188,
    -0.007403450842680064,
    -0.00703723374212979,
    -0.006671792805369273,
    -0.006307084238205019,
    -0.0059430649131690045,
    -0.005579692322978624,
    -0.005216924535999309,
    -0.004854720153518195,
    -0.00449303826864825,
    -0.00413183842670215,
    -0.0037710805868893743,
    -0.0034107250851961512,
    -0.0030507325983249465,
    -0.0026910641085746124,
    -0.002331680869550467,
    -0.001972544372602726,
    -0.001613616313894036,
    -0.001254858562003443,
    -0.0008962331259788199,
    -0.0005377021237505694,
    -0.00017922775082498377,
    0.00017922775082498377,
    0.0005377021237505694,
    0.0008962331259788199,
    0.001254858562003443,
    0.001613616313894036,
    0.001972544372602726,
    0.002331680869550467,
    0.0026910641085746124,
    0.0030507325983249465,
    0.0034107250851961512,
    0.0037710805868893743,
    0.00413183842670215,
    0.00449303826864825,
    0.004854720153518195,
    0.005216924535999309,
    0.005579692322978624,
    0.0059430649131690045,
    0.006307084238205019,
    0.006671792805369273,
    0.00703723374212979,
    0.007403450842680064,
    0.007770488616698188,
    0.00813839234056059,
    0.008507208111276596,
    0.008876982903432386,
    0.009247764629471942,
    0.009619602203677078,
    0.00999254561024932,
    0.010366645975948609,
    0.01074195564778814,
    0.011118528276355419,
    0.011496418905381004,
    0.011875684068265788,
    0.012256381892342561,
    0.012638572211752167,
    0.013022316689899012,
    0.01340767895256933,
    0.013794724732906037,
    0.01418352202956006,
    0.014574141279484242,
    0.014966655546964166,
    0.015361140730657134,
    0.01575767579055401,
    0.016156342996969168,
    0.016557228203822997,
    0.016960421148682587,
    0.017366015782203075,
    0.01777411062979347,
    0.018184809188531197,
    0.01859822036250407,
    0.019014458939951046,
    0.019433646115701867,
    0.019855910062569905,
    0.020281386555437993,
    0.02071021965188044,
    0.02114256243317439,
    0.021578577809576983,
    0.02201843939366671,
    0.02246233244545924,
    0.02291045489281521,
    0.023363018430436595,
    0.0238202497004253,
    0.024282391557003992,
    0.02474970441752947,
    0.025222467701411903,
    0.02570098135794162,
    0.026185567483361365,
    0.02667657202680679,
    0.02717436658400125,
    0.027679350276772437,
    0.028191951715759504,
    0.028712631042870602,
    0.02924188204946886,
    0.02978023436563511,
    0.03032825571555543,
    0.030886554233811758,
    0.03145578083756288,
    0.032036631649975715,
    0.03262985047118418,
    0.0332362312944624,
    0.03385662086723693,
    0.03449192129934813,
    0.035143092724418915,
    0.03581115602474534,
    0.03649719563562608,
    0.0372023624519344,
    0.037927876867950454,
    0.0386750319914222,
    0.039445197084645174,
    0.0402398212994139,
    0.04106043778937261,
    0.04190866830308289,
    0.04278622838460972,
    0.04369493333646584,
    0.04463670513328973,
    0.045613580515139404,
    0.046627720538364364,
    0.04768142192227853,
    0.04877713060417876,
    0.04991745800818016,
    0.05110520065033686,
    0.05234336385179845,
    0.05363519052377527,
    0.05498419623846027,
    0.05639421212938071,
    0.05786943760383818,
    0.05941450544196429,
    0.06103456266551253,
    0.06273537167845045,
    0.06452343775304838,
    0.06640617117647969,
    0.0683920956248275,
    0.07049111913797498,
    0.07271489132168774,
    0.07507728160212485,
    0.07759503110152459,
    0.08028865964812577,
    0.08318375824381999,
    0.08631288283049686,
    0.08971842184036617,
    0.09345711239693912,
    0.09760750165014574,
    0.10228302996135673,
    0.10765678924065064,
    0.11401338389479192,
    0.12187429381893986,
    0.13237599216997156,
    0.14898805729433648
  ]
}