{
  "dim": 768,
  "bit_width": 2,
  "centroids": [
    -0.05450115835590545,
    -0.01633960005906864,
    0.01633960005906864,
    0.05450115835590545
  ]
}