{
  "dim": 768,
  "bit_width": 6,
  "centroids": [
    -0.13284816720188106,
    -0.11440792157656476,
    -0.10256665874156663,
    -0.09357807239793388,
    -0.08621221119952455,
    -0.07990346421910703,
    -0.07434246295344966,
    -0.06934061982279838,
    -0.0647740260787014,
    -0.06055663897713861,
    -0.05662609716037537,
    -0.05293562191076912,
    -0.049449109172790225,
    -0.04613800908479066,
    -0.04297926207710282,
    -0.03995388784048569,
    -0.03704599309629104,
    -0.03424205675829853,
    -0.03153040399019201,
    -0.02890081205461151,
    -0.02634421010013042,
    -0.023852447183878814,
    -0.021418110695636067,
    -0.01903438255945946,
    -0.01669492410813209,
    -0.014393782944232021,
    -0.012125316788751866,
    -0.009884130509755774,
    -0.007665023373199047,
    -0.005462944167307808,
    -0.0032729522889745053,
    -0.0010901831914737136,
    0.0010901831914737136,
    0.0032729522889745053,
    0.005462944167307808,
    0.007665023373199047,
    0.009884130509755774,
    0.012125316788751866,
    0.014393782944232021,
    0.01669492410813209,
    0.01903438255945946,
    0.021418110695636067,
    0.023852447183878814,
    0.02634421010013042,
    0.02890081205461151,
    0.03153040399019201,
    0.03424205675829853,
    0.03704599309629104,
    0.03995388784048569,
    0.04297926207710282,
    0.04613800908479066,
    0.049449109172790225,
    0.05293562191076912,
    0.05662609716037537,
    0.06055663897713861,
    0.0647740260787014,
    0.06934061982279838,
    0.07434246295344966,
    0.07990346421910703,
    0.08621221119952455,
    0.09357807239793388,
    0.10256665874156663,
    0.11440792157656476,
    0.13284816720188106
  ]
}