{
  "dim": 768,
  "bit_width": 4,
  "centroids": [
    -0.09854558486788567,
    -0.07459344344332679,
    -0.05831910105240802,
    -0.04526708209062967,
    -0.033949050283408284,
    -0.023656534655921452,
    -0.013975856544426131,
    -0.0046239581154461536,
    0.0046239581154461536,
    0.013975856544426131,
    0.023656534655921452,
    0.033949050283408284,
    0.04526708209062967,
    0.05831910105240802,
    0.07459344344332679,
    0.09854558486788567
  ]
}