{
  "dim": 768,
  "bit_width": 1,
  "centroids": [
    -0.02879117874093226,
    0.02879117874093226
  ]
}